Month,Average
Jan:,5246.096774193548
Feb:,4851.857142857143
Mar:,5777.612903225807
Apr:,5802.133333333333
May:,4711.548387096775
Jun:,4792.333333333333
Jul:,5638.225806451613
Aug:,5759.645161290323
Sep:,6114.566666666667
Oct:,5411.032258064516
Nov:,4268.8
Dec:,5138.064516129032
